FCFS,SJF,SRPT,PSJF,SPJF,SPRPT,PSPJF
17.209368799693586,16.24942358920774,14.913258577514327,17.67440610401404,16.24942358920774,14.914176618397759,17.703573477235956
112.63379446662479,100.84400573358252,98.04850083641998,102.20224630584882,100.8447154084025,98.04957902153129,102.30982539036631
285.6869946852273,254.01859179928255,249.30507464983398,255.72247780030244,254.020262857265,249.31395408271936,255.78502002191942
544.2669009046791,484.6038816847747,477.06705630716647,483.8839192514634,484.6060714016637,477.07146725718997,483.91172751419185
884.6817350364003,787.8015205185512,778.6490026731092,785.424518657351,787.8076346291266,778.644433977862,785.5119975417738
1283.2795983840651,1142.285920621274,1133.6828007997315,1140.2157923069487,1142.2936430323011,1133.6904288876108,1140.211755482633
