FCFS,SJF,SRPT,PSJF,SPJF,SPRPT,PSPJF
17.209368799693586,15.83538123423077,5.463708650384328,10.049474668321704,17.703573477235956,5.660725351635425,12.178308314890137
56.98987508704492,50.603746027975205,26.69196732304051,39.06591840135157,53.03746744898224,26.451176497173762,40.8556141643944
111.58168921556751,98.89966293126773,68.28094202916482,83.89453716967041,102.32362498065521,68.71779783155756,86.56705705831855
285.30570247613343,252.02659501758552,215.3688718238136,225.32110488829764,256.9209120958867,215.37056439998597,227.1257526689226
541.3644557854669,478.00580445566027,424.492055269244,438.66322610439346,482.23904810413666,424.49565203923214,439.2749084744553
878.0169037871667,775.9919877365381,708.3038882315133,722.3133653259779,780.884189551529,706.540220430009,723.1138711496592
