FCFS,SJF,SRPT,PSJF,SPJF,SPRPT,PSPJF
1291.642547727055,1147.340017599409,1137.2923596809453,1144.3381003938232,1234.8574364601034,1235.0788290197447,1240.8235556221732
1291.642547727055,1147.340017599409,1137.2923596809453,1144.3381003938232,1224.2539238740599,1223.0273207644666,1229.042591557134
1291.642547727055,1147.340017599409,1137.2923596809453,1144.3381003938232,1209.9620415364202,1206.7576591318693,1212.9659198054892
1291.642547727055,1147.340017599409,1137.2923596809453,1144.3381003938232,1188.0571226307522,1182.5254500064696,1188.8624693734791
1291.642547727055,1147.340017599409,1137.2923596809453,1144.3381003938232,1161.849129626167,1153.6390296313994,1160.5096754045733
1291.642547727055,1147.340017599409,1137.2923596809453,1144.3381003938232,1147.3465073360076,1137.300657975854,1144.3245911886877
