FCFS,SJF,SRPT,PSJF,SPJF,SPRPT,PSPJF
33.91283492943452,30.585781401699496,14.377359979202486,21.519574138036877,33.501573222534084,14.377524649510478,24.41867567456866
186.02047539952727,163.0111256543844,123.02148275618934,142.66072437756145,167.3550392911506,123.1752804552045,144.88335982663975
5816.76285206052,5140.561747234458,4975.373811865156,4987.287931281941,5146.241336577531,4977.77026108575,4990.200673085117
23846.962030801602,21157.170750150795,20853.41427975673,20882.226774952127,21164.265532369544,20853.54030330671,20878.356901971096
610345.9029514492,540695.557194716,539384.2953562296,539407.5001235442,540706.4857450108,539387.6598046054,539387.72368989
2440654.835468555,2162576.670467573,2159654.707242532,2159654.707242532,2162597.20333665,2159668.3140486516,2159668.3209877107
