FCFS,SJF,SRPT,PSJF,SPJF,SPRPT,PSPJF
186.5842201479496,164.19467452677716,132.13786611621015,146.32850418501573,168.48403511264485,133.20730497525884,150.32340369190126
183.1771257305518,162.4866213124137,130.87451306992838,145.3196307989557,166.0636399858073,128.92421123856175,146.37403943165452
186.28196247676584,163.6665167753738,129.57673867456154,140.3566605679914,167.01360747621322,128.69000215472406,142.1906784016976
182.55932446253985,161.6379658009535,122.08843899112615,138.04954034341645,165.68375954105034,121.36712006065864,140.15813229335134
186.63063722310346,164.7446390930609,127.43715043015305,141.92496794809395,168.13921563751748,126.29486005088583,143.99024295687425
186.38472204507096,164.39086526903415,128.84938427821095,140.6395088451309,168.4884702291216,128.85052900841575,142.44002519459232
