"","cas_prihoda","dolzina_opravila","dolzina_opravila_noise"
"1",11.5798741498563,6.5109195629874,6.52603737467191
"2",4.91824821365957,4.62318935128974,4.62708778365386
"3",2.15873135998845,6.59625945254023,6.59004704673481
"4",3.82626997479382,5.47977789161832,5.45763089274654
