FCFS,SJF,SRPT,PSJF,SPJF,SPRPT,PSPJF
17.209368799693586,15.83538123423077,5.463708650384328,10.049474668321704,19.288856320001358,9.38011158210916,13.209001974320076
17.209368799693586,15.83538123423077,5.463708650384328,10.049474668321704,19.06144997053498,8.969719980589245,13.066851395239734
17.209368799693586,15.83538123423077,5.463708650384328,10.049474668321704,18.584042492991415,8.550091695786865,12.532269232766827
17.209368799693586,15.83538123423077,5.463708650384328,10.049474668321704,18.266119274564375,7.775635463262806,13.044594995956839
17.209368799693586,15.83538123423077,5.463708650384328,10.049474668321704,17.66161141743762,6.711457352432385,12.38558966175837
17.209368799693586,15.83538123423077,5.463708650384328,10.049474668321704,17.703573477235956,5.660725351635425,12.178308314890137
