FCFS,SJF,SRPT,PSJF,SPJF,SPRPT,PSPJF
17.209368799693586,16.24942358920774,14.913258577514327,17.67440610401404,16.82534336630204,17.408814778720863,19.287260327534508
17.209368799693586,16.24942358920774,14.913258577514327,17.67440610401404,16.793091626978832,17.071511750691766,19.05985397806813
17.209368799693586,16.24942358920774,14.913258577514327,17.67440610401404,16.66654513357058,16.617451661208253,18.584042492991415
17.209368799693586,16.24942358920774,14.913258577514327,17.67440610401404,16.54496083421136,16.074787881749135,18.266119274564375
17.209368799693586,16.24942358920774,14.913258577514327,17.67440610401404,16.38004695821536,15.429191159187205,17.66161141743762
17.209368799693586,16.24942358920774,14.913258577514327,17.67440610401404,16.24942358920774,14.914176618397759,17.703573477235956
