FCFS,SJF,SRPT,PSJF,SPJF,SPRPT,PSPJF
1291.642547727055,1138.9305081655496,1053.4862456494084,1066.8301808266517,1240.8613685775995,1163.7933892839642,1168.0968195561964
1291.642547727055,1138.9305081655496,1053.4862456494084,1066.8301808266517,1229.042591557134,1153.989975684305,1159.2067757125817
1291.642547727055,1138.9305081655496,1053.4862456494084,1066.8301808266517,1212.9659198054892,1136.0018839001737,1144.7610371307042
1291.642547727055,1138.9305081655496,1053.4862456494084,1066.8301808266517,1188.8624693734791,1107.1221346449172,1115.6496127874864
1291.642547727055,1138.9305081655496,1053.4862456494084,1066.8301808266517,1160.5096754045733,1065.1605961519836,1087.3454235558834
1291.642547727055,1138.9305081655496,1053.4862456494084,1066.8301808266517,1144.3245911886877,1053.4928491202702,1067.4764304833886
