FCFS,SJF,SRPT,PSJF,SPJF,SPRPT,PSPJF
17.209368799693586,15.83538123423077,5.463708650384328,10.049474668321704,17.703573477235956,5.660725351635425,12.178308314890137
112.63379446662479,99.29949519551553,67.6097076968826,83.83785430801845,102.30982539036631,67.11569680612205,85.90162506104811
285.6869946852273,251.06069713799417,199.78166640135038,215.09107868267245,255.78502002191942,199.296979410485,216.70518644396708
544.2669009046791,478.88997762991727,436.09157507059894,444.6189978576854,483.91172751419185,436.09381331443655,447.16982874102024
884.6817350364003,780.5586374181198,703.2672075847726,724.3630203912802,785.5119975417738,701.5040811464905,723.6241369589393
1283.2795983840651,1135.4431455896693,1055.1925901929262,1073.9291815677816,1140.211755482633,1058.0713191714458,1074.7194610259894
