"","cas_prihoda","dolzina_opravila","dolzina_opravila_noise"
"1",1.28638233989477,11.314771424404,11.3221546714553
"2",1.03291235119104,3.36883319647175,3.37459100998829
"3",11.5798741498563,11.6489963146125,11.6459424307409
"4",4.91824821365957,11.362146607147,11.3772644188315
