FCFS,SJF,SRPT,PSJF,SPJF,SPRPT,PSPJF
23.67987364934975,19.750756628508285,12.556012837138672,14.372063196851661,20.357477759619773,14.556964110149767,16.185473860597384
23.67987364934975,19.750756628508285,12.556012837138672,14.372063196851661,20.174481491344128,13.72133838516564,15.649086593738062
23.67987364934975,19.750756628508285,12.556012837138672,14.372063196851661,19.936250109110677,13.348138026122628,15.244591190775216
23.67987364934975,19.750756628508285,12.556012837138672,14.372063196851661,19.8793892717699,13.200063917176188,14.91338373443398
23.67987364934975,19.750756628508285,12.556012837138672,14.372063196851661,19.80596512751191,12.76446239992679,14.526493619089505
23.67987364934975,19.750756628508285,12.556012837138672,14.372063196851661,19.750756628508285,12.556012837138672,14.372063196851661
