FCFS,SJF,SRPT,PSJF,SPJF,SPRPT,PSPJF
1553.0075548580041,978.2421380987179,930.8688035614912,934.6914414857877,1058.5613689941179,1015.0212570353267,1019.5329885920199
1553.0075548580041,978.2421380987179,930.8688035614912,934.6914414857877,1033.6461566317644,988.2130750190948,992.2283232109178
1553.0075548580041,978.2421380987179,930.8688035614912,934.6914414857877,1011.7649548011033,965.2755896163101,969.5657188681587
1553.0075548580041,978.2421380987179,930.8688035614912,934.6914414857877,993.6141563422749,946.8085324829567,950.7513979207245
1553.0075548580041,978.2421380987179,930.8688035614912,934.6914414857877,982.5936117572098,935.3133830323951,939.147387098816
1553.0075548580041,978.2421380987179,930.8688035614912,934.6914414857877,978.244089821708,930.9448591067843,934.6834421982376
