FCFS,SJF,SRPT,PSJF,SPJF,SPRPT,PSPJF
23.67987364934975,13.543548722239063,8.511992375520514,9.512973791635543,14.372063196851661,8.511992375520514,10.462240885475545
136.8485503334401,81.36603962341592,64.46343092161099,68.93598726567278,83.09672586702766,64.46343092161099,70.10191976944249
341.8303788684936,202.60748060697253,181.06190708136143,185.06687494653292,204.57978470028945,181.06224926610741,185.84787684639855
670.8936351047496,397.06345421224376,359.483815044816,362.07076740018005,399.2768577434994,359.4847580019622,362.56970124874084
994.9575912302313,597.4665859432895,562.4128595384657,567.0530398213399,599.6786666291829,562.414647979994,567.4857253504214
1542.0532344761054,939.5876515404419,896.2603774640988,898.7981562586248,941.8014835126158,896.262645378714,899.1573983140072
