FCFS,SJF,SRPT,PSJF,SPJF,SPRPT,PSPJF
23.67987364934975,19.750756628508285,12.556012837138672,14.372063196851661,19.750756628508285,12.556012837138672,14.372063196851661
136.8485503334401,95.66372251129997,80.14786238688413,83.05759449116503,95.66392844515627,80.14806832074044,83.09672586702766
341.8303788684936,222.66952528653158,201.5388687742455,204.57603859501162,222.67008836041782,201.53068327503541,204.57978470028945
670.8936351047496,421.54876553970956,395.6650330201802,399.2704220025067,421.54975400900867,395.63416193455885,399.2768577434994
994.9575912302313,631.6207050318571,596.0871592616174,599.6313907934609,631.6218498509951,596.1077829287148,599.6786666291829
1542.0532344761054,986.919523509378,938.1281066626201,941.7655948624227,986.9219992214422,938.1275096751777,941.8014835126158
