FCFS,SJF,SRPT,PSJF,SPJF,SPRPT,PSPJF
1553.0075548580041,932.2566457696008,895.3161101006433,896.2594358985232,1020.0064407732972,972.4011666763248,973.6504665672712
1553.0075548580041,932.2566457696008,895.3161101006433,896.2594358985232,992.3780776443159,944.5160066986698,945.0260820646774
1553.0075548580041,932.2566457696008,895.3161101006433,896.2594358985232,969.6254839518493,921.4173172354914,925.9719667165905
1553.0075548580041,932.2566457696008,895.3161101006433,896.2594358985232,950.7645950801048,903.8910163502675,908.2011988638827
1553.0075548580041,932.2566457696008,895.3161101006433,896.2594358985232,939.147387098816,899.8276599347078,902.7645994401094
1553.0075548580041,932.2566457696008,895.3161101006433,896.2594358985232,934.6834421982378,895.3179356442873,896.815459668748
