FCFS,SJF,SRPT,PSJF,SPJF,SPRPT,PSPJF
23.67987364934975,13.543548722239063,8.511992375520514,9.512973791635543,16.192008012118016,9.984651035112378,12.417913915580968
23.67987364934975,13.543548722239063,8.511992375520514,9.512973791635543,15.649941746421721,10.058542015277858,12.466764756530193
23.67987364934975,13.543548722239063,8.511992375520514,9.512973791635543,15.245446343458875,9.336375442946064,12.391926739978777
23.67987364934975,13.543548722239063,8.511992375520514,9.512973791635543,14.91423888711764,8.980321131088438,11.530764314081948
23.67987364934975,13.543548722239063,8.511992375520514,9.512973791635543,14.526493619089505,8.738118773220991,10.47395937017456
23.67987364934975,13.543548722239063,8.511992375520514,9.512973791635543,14.372063196851661,8.511992375520514,10.462240885475545
